id,type,titre,titre_original,annee,note,genre,pays,realisateur,duree,nb_saisons,nb_episodes,statut,description
1,FILM,Thank You,Dhank You,2011,8.4,ROMANCE,India,Anees Bazmee,131,,,,Three cheating husbands end up paying the price for their infidelities when their spouses hire a private detective – who falls for one of the wives.
2,FILM,My Week with Marilyn,My Week with Marilyn,2011,7.5,ROMANCE,United Kingdom,Simon Curtis,99,,,,"While filming a movie in England, Hollywood icon Marilyn Monroe slips away with a young Brit for a week of self-discovery and frivolity."
3,SERIE,The Casketeers,The Casketeers,2019,9.7,DRAME,New Zealand,Non specifie,,2,32,TERMINEE,Māori funeral directors Francis and Kaiora Tipene and staff temper good humor with care and respect as they help Polynesian families cope with loss.
4,FILM,Super Bheem Bana Vajraveer,Supar Bheem Bana Vajravear,2018,7.2,DRAME,India,Sumit Das,63,,,,"Hoping to find a magical root, a monster has captured farmers in the land of Vyom. It’s up to Bheem and the gang to foil his plan and save the kingdom!"
5,FILM,Homefront,Homefront,2013,7.9,ACTION,United States,Gary Fleder,100,,,,"When an ex-DEA agent is widowed, he moves with his young daughter to a small town, but his quiet life is shattered by a meth-making drug trafficker."
6,SERIE,Chappelle's Show,Chappelle's Show,2005,6.4,COMEDIE,United States,Non specifie,,2,46,TERMINEE,"The brilliant Dave Chappelle performs blistering stand-up, impressions and sketches that skewer topics like racism, politics, celebrities and sex."
7,SERIE,Stories by Rabindranath Tagore,Stories by Rabindranadh Tagore,2015,9.1,DRAME,India,Non specifie,,1,21,TERMINEE,The writings of Nobel Prize winner Rabindranath Tagore come to life in this collection of tales set in early-20th-century Bengal.
8,FILM,Salem: His Sister's Father,Salem: His Sister's Fazer,2014,4.8,DRAME,Egypt,Mohamed Hamdy,99,,,,"A street vendor's simple life is turned upside down after the Egyptian revolution of 2011, forcing him to contend with criminals and cops alike."
9,FILM,Dragonheart,Dragonheart,1996,4.7,SF,United States,Rob Cohen,103,,,,"In ancient times when majestic fire-breathers soared through the skies, a knight comes face to face and heart to heart with the last dragon on Earth."
10,FILM,Mahjong Heroes,Mahjong Heloes,1981,7.3,COMEDIE,Hong Kong,Li Pei-Chuan,92,,,,"In this comedy, characters from all walks of life go head-to-head around the mahjong table in a high-stakes contest of different playing styles."
11,SERIE,Sofia the First,Sofia the First,2017,8.2,ANIMATION,United States,Non specifie,,4,88,TERMINEE,"When her commoner mother marries the king, average-girl Sofia finds that being a real princess isn't all it's cracked up to be."
12,FILM,Muqaddar ka Faisla,Muqaddar ka Faisla,1987,7.3,COMEDIE,India,Prakash Mehra,172,,,,God-fearing Pandit Krishna Kant loses everything and turns to a life of crime after his landlord tries to rape his wife and tears his family apart.
13,SERIE,Lovesick,Lovesick,2018,4.9,ROMANCE,United Kingdom,Non specifie,,3,24,ANNULEE,"In his quest for true love, Dylan found chlamydia. Joined by friends Evie and Luke, he relives past encounters as he notifies all his former partners."
14,FILM,Le K Benzema,Le K Benzema,2017,4.9,DOCUMENTAIRE,France,Damien Piscarel,121,,,,"After a blackmailing scandal and being sidelined from the French national team, Real Madrid forward Karim Benzema tells his side of the story."
15,FILM,Get on Up,Get on Up,2014,4.8,DRAME,United Kingdom,Tate Taylor,139,,,,Music legend James Brown makes a turbulent journey from humble origins to superstardom as the Godfather of Soul in this biopic starring Chadwick Boseman.
16,FILM,It Takes a Man and a Woman,It Takes a Man and a Woman,2013,5.2,ROMANCE,Philippines,Cathy Garcia-Molina,127,,,,"Laida and Miggy used to be in love, but now they're forced to work together in a professional capacity – and neither is completely over their past."
17,FILM,The Stanford Prison Experiment,The Stanford Prison Experiment,2015,6.7,THRILLER,United States,Kyle Patrick Alvarez,122,,,,"Conducting a study on the psychology of incarceration, a Stanford professor assigns guard and prisoner roles to 24 male test subjects in a mock jail."
18,FILM,Bleed for This,Bleed for This,2016,3.9,DRAME,United States,Ben Younger,120,,,,"After a devastating injury derails his career, scrappy world champion boxer Vinny Pazienza determines to make an against-all-odds comeback."
19,SERIE,The Honeymoon Stand Up Special,The Honeymoon Stand Up Special,2018,4.6,COMEDIE,United States,Non specifie,,1,10,ANNULEE,"Impending parenthood does funny things to Natasha Leggero and Moshe Kasher, who dissect family, relationships and more in a trio of stand-up specials."
20,FILM,Alone in Berlin,Alone in Berlin,2016,4.5,DRAME,United Kingdom,Vincent Perez,103,,,,"After learning of their son's death on the battlefield, a grieving Berlin couple embark on a quietly dangerous act of resistance against Adolf Hitler."
21,FILM,Jay and Silent Bob Strike Back,Jay and Silent Bob Strike Back,2001,5.8,COMEDIE,United States,Kevin Smith,105,,,,"Jay and Silent Bob's comic book alter egos have been sold to Hollywood without permission, so they head to Tinseltown to sabotage the production."
22,FILM,Pyar Ke Do Pal,Pyar Ke Do Pal,1986,5.2,DRAME,India,Rajiv Mehra,153,,,,"Twins separated by a court order meet at camp and decide to reunite their parents, unaware of the dark secret that drove them apart years before."
23,FILM,Dad Wanted,Dad Wanted,2020,6.2,COMEDIE,Mexico,Javier Colinas,103,,,,What does a thrill-seeker tween girl do when her mom forbids her to enter a BMX race? Cast an actor with nothing to lose to play her approving dad.
24,FILM,The Reliant,The Reliant,2019,3.4,DRAME,United States,Paul Munger,116,,,,"When a town suffers an economic collapse, social unrest forces a family to seek refuge in the wilderness as bitter outlaws threaten their survival."
25,SERIE,B: The Beginning,B: Ze Beginning,2021,8.7,ANIMATION,Japan,Non specifie,,2,36,ANNULEE,"Genius investigator Keith Flick rejoins the royal police force just as serial killer ""B"" emerges. Mysterious youth Koku may be an ally, or a target."
26,FILM,Bilu Rakkhosh,Bilu Rakkhosh,2017,9.4,DRAME,India,Indrasis Acharya,127,,,,"Torn between his demanding corporate career, his passion for music and his turbulent family life, a man struggles to keep his inner demons in check."
27,FILM,Kuch Kuch Hota Hai,Kuch Kuch Hota Hai,1998,3.1,COMEDIE,India,Karan Johar,185,,,,"Per her mother’s last wish, a girl sets out to reunite her father with the college best friend who loved him – only to discover the woman is engaged."
28,SERIE,Street Food: Latin America,Street Food: Latin America,2020,9.0,DRAME,Inconnu,Non specifie,,1,24,TERMINEE,"In this vibrant docuseries, Latin American chefs tell their stories and bring a taste of tradition and innovation to their delicious offerings."
29,FILM,The Smurfs 2,The Smurfs 2,2013,6.2,COMEDIE,United States,Raja Gosnell,105,,,,"Evil magician Gargamel continues his quest to tap the power of the Smurfs, creating a pair of his own ""Smurf-alikes"" called the Naughties."
30,FILM,Little Monsters,Little Monsters,1989,9.4,COMEDIE,United States,Richard Greenberg,102,,,,"Brian knows there are creatures under his bed. When he faces his fears and confronts them, however, he makes some hilariously weird new friends."
31,SERIE,Dangerous Roads,Dangerous Roads,2012,5.0,DRAME,United Kingdom,Non specifie,,2,36,TERMINEE,"Using various 4x4 vehicles, celebrities steer their way across some of the most infamous roads and trickiest terrains on earth."
32,FILM,Friendsgiving,Friendsgiving,2020,6.7,COMEDIE,United States,Nicol Paone,95,,,,A quiet holiday dinner among friends turns into a chaotic night of illicit activity and compromising situations when uninvited guests crash the party.
33,FILM,Seven Souls in the Skull Castle: Season Flower,Seben Sours in ze Skurr Castre: Season Frowaa,2017,8.0,ACTION,Japan,Hidenori Inoue,181,,,,"Japan, 1590. Wandering samurai band together to take on the lord of Skull Castle in this “Flower” version of the bold show performed in a 360º theater."
34,FILM,Event Horizon,Event Horizon,1997,8.4,HORREUR,United Kingdom,Paul W.S. Anderson,96,,,,"After a signal is received from a long-missing spaceship, a rescue ship investigates, but the crew soon realizes something unimaginable has happened."
35,FILM,The Lost Okoroshi,The Lost Okoroshi,2019,9.1,COMEDIE,Nigeria,Abba T. Makama,94,,,,"A disillusioned security guard transforms into a masquerade, channeling ancestral spirits as he roams the streets of Lagos."
36,FILM,Forbidden Games: The Justin Fashanu Story,Forbidden Games: The Justin Fashanu Story,2017,6.3,DOCUMENTAIRE,United Kingdom,Jon Carey,81,,,,"This documentary chronicles the tragic, true story of Justin Fashanu, the first – and only – openly gay man to have played professional soccer."
37,FILM,True: Grabbleapple Harvest,True: Grabbleapple Harvest,2019,4.9,DRAME,Canada,Non specifie,24,,,,It's Grabbleapple harvest season in the Rainbow Kingdom ... but Glummy Glooma doesn't want autumn to come. Can True and her friends save the festival?
38,FILM,InuYasha the Movie 2: The Castle Beyond the Looking Glass,InuYasha ze Mobie 2: Ze Castre Beyond ze Rooking Grass,2002,6.3,ANIMATION,Japan,Toshiya Shinohara,99,,,,"With their biggest foe seemingly defeated, InuYasha and his friends return to everyday life. But the peace is soon shattered by an emerging new enemy."
39,FILM,Bewafaa,Bewafaa,2005,5.6,ROMANCE,India,Dharmesh Darshan,149,,,,"A young woman faces pressure to marry her brother-in-law, after her sister dies while giving birth. But she's secretly in love with someone else."
40,FILM,Kung Fu Yoga,Kung Fu Yoga,2017,7.5,COMEDIE,China,Stanley Tong,107,,,,Two mismatched archaeologists battle a team of vicious mercenaries in a race to discover an ancient Tibetan treasure of unimaginable worth.
41,SERIE,Ray,Ray,2021,8.4,DRAME,Inconnu,Srijit Mukherji,,1,11,TERMINEE,"From a satire to a psychological thriller, four short stories from celebrated auteur and writer Satyajit Ray are adapted for the screen in this series."
42,SERIE,Boca Juniors Confidential,Boca Juniors Confidential,2018,9.3,DRAME,Inconnu,Non specifie,,1,23,EN_COURS,"Players, fans and staff of soccer powerhouse Boca Juniors provide an exclusive, behind-the-scenes look at Argentina's legendary club."
43,SERIE,No Game No Life,No Game No Rife,2014,9.2,ANIMATION,Japan,Non specifie,,1,24,ANNULEE,Legendary gamer siblings Sora and Shiro are transported to a world where life is a series of games and humanity is in grave danger of extinction.
44,SERIE,Unabomber - In His Own Words,Unabomber - In His Own Words,2018,7.5,DRAME,Canada,Mick Grogan,,1,8,ANNULEE,"The CIA attempts to turn Ted Kaczynski, aka the Unabomber, into a super agent — a plan that backfires. Based on real events."
45,FILM,Alan Saldaña: Mi vida de pobre,Alan Saldaña: Mi vida de pobre,2017,5.9,DRAME,Mexico,Raúl Campos,54,,,,Mexican comic Alan Saldaña has fun with everything from the pressure of sitting in an exit row to maxing out his credit card in this stand-up special.
46,FILM,The Magic School Bus Rides Again Kids In Space,The Magic School Bus Rides Again Kids In Space,2020,8.9,DRAME,United States,Richard Weston,46,,,,The Magic School Bus kids blast into orbit — and onto the International Space Station — only to find themselves on the run from a giant tardigrade!
47,FILM,Arès,Arès,2016,4.2,SF,France,Jean-Patrick Benes,80,,,,A futuristic France tries to keep its people from despair and rebellion over crippling poverty by engaging them with a violent TV competition show.
48,FILM,Look for a Star,Look fol a Stal,2009,4.8,ROMANCE,Hong Kong,Andrew Lau Wai-Keung,117,,,,"While keeping his identity secret, a real estate billionaire tries to woo an outspoken croupier who talks gamblers out of losing their money."
49,SERIE,Sugar Rush Christmas,Sugar Rush Christmas,2020,5.2,DRAME,United States,Non specifie,,2,40,TERMINEE,"It's everything you love about ""Sugar Rush"" – with a holly jolly holiday twist – in this Christmas-themed spin on competitive baking."
50,FILM,Jim Jefferies: Intolerant,Jim Jefferies: Intolerant,2020,5.3,DRAME,Inconnu,Scott Zabielski,67,,,,"Between scenes from an excruciating date, Jim Jefferies digs into generational differences, his own bad habits and the shifting boundaries in comedy."
51,SERIE,Bondi Rescue,Bondi Rescue,2016,9.0,DRAME,Australia,Non specifie,,1,14,TERMINEE,"This reality series follows elite professional lifeguards on Sydney's Bondi Beach, as they take on everything from animal stings to criminals."
52,SERIE,Monty Python's Almost the Truth,Monty Python's Almost the Truth,2009,4.7,DRAME,United Kingdom,Non specifie,,1,8,TERMINEE,"The legacy of comedy group Monty Python, whose irreverent brand of humor has tickled the ribs of millions, is explored in this documentary."
53,SERIE,Glitter Force Doki Doki,Grittaa Force Doki Doki,2017,3.1,ANIMATION,Japan,Go Koga,,2,46,EN_COURS,Four girls summon their inner superheroes to defend Earth and the magical kingdom of Splendorius from King Mercenare and his minions.
54,FILM,Ali Wong: Hard Knock Wife,Ali Wong: Hard Knock Wife,2018,9.8,DRAME,United States,Jay Karas,64,,,,"Two years after the hit ""Baby Cobra,"" Ali Wong is back with another baby bump – and a torrent of hilarious truths about marriage and motherhood."
55,SERIE,The Good Place,The Good Place,2020,5.4,COMEDIE,United States,Non specifie,,4,32,ANNULEE,"Due to an error, self-absorbed Eleanor Shellstrop arrives at the Good Place after her death. Determined to stay, she tries to become a better person."
56,FILM,Lo and Behold: Reveries of the Connected World,Lo and Behold: Reveries of the Connected World,2016,3.3,DOCUMENTAIRE,United States,Werner Herzog,98,,,,"Filmmaker Werner Herzog presents a history of the internet, starting with its birth in 1969, and ponders the joys and sorrows of its social influence."
57,FILM,Hell Fest,Hell Fest,2018,3.2,HORREUR,United States,Gregory Plotkin,89,,,,"A serial killer picks off a group of friends, one by one, as they make their way through a hell-themed amusement park."
58,FILM,To All the Boys: Always and Forever - The Afterparty,To All the Boys: Always and Forever - The Afterparty,2021,4.7,DRAME,Inconnu,Non specifie,36,,,,"Cast members of the ""To All the Boys"" films dish about the third movie and answer some fan questions, plus Whitney Cummings gives suspect dating advice."
59,SERIE,Kingdom,Kingdom,2020,8.7,ACTION,South Korea,Kim Seong-hun,,2,20,EN_COURS,"While strange rumors about their ill king grip a kingdom, the crown prince becomes their only hope against a mysterious plague overtaking the land."
60,FILM,Motu Patlu the Superheroes – Super Villains from Mars,Motu Patlu the Superheroes – Super Villains from Mars,2019,3.9,DRAME,Inconnu,Suhas Kadav,79,,,,"Friends Motu and Patlu must save the world from three space thieves, but the job gets much harder when a cosmic collision gives the enemies superpowers!"
61,FILM,Pulp Fiction,Pulp Fiction,1994,7.6,DRAME,United States,Quentin Tarantino,154,,,,"This stylized crime caper weaves together stories featuring a burger-loving hit man, his philosophical partner and a washed-up boxer."
62,FILM,King of Peking,King of Peking,2018,6.8,COMEDIE,China,Sam Voutas,88,,,,"Strapped for cash, a traveling projectionist begins to run a DVD pirating business, putting him at odds with his young, skeptical son."
63,SERIE,Club de Cuervos Presents: The Ballad of Hugo Sánchez,Club de Cuervos Presents: The Ballad of Hugo Sánchez,2018,4.5,COMEDIE,United States,Non specifie,,1,14,TERMINEE,Chava Iglesias's doting personal assistant Hugo Sánchez is tasked with leading Club de Cuervos to victory in Nicaragua – if only his mom will let him.
64,FILM,Gook,Gook,2017,4.1,DRAME,United States,Justin Chon,95,,,,"Amidst the looting and chaos of the LA riots, two Korean-American brothers fight to save their struggling shoe store while contemplating their future."
65,SERIE,Hap and Leonard,Hap and Leonard,2018,7.1,DRAME,United States,Non specifie,,3,27,EN_COURS,"In late-1980s Texas, two best friends get involved in darkly comic misadventures by hiring themselves out to shady clients for illicit ends."
66,SERIE,1994,1994,2019,9.6,DRAME,Mexico,Diego Enrique Osorno,,1,9,ANNULEE,"Archival video and new interviews examine Mexican politics in 1994, a year marked by the rise of the EZLN and the assassination of Luis Donaldo Colosio."
67,FILM,Naughty Jatts,Naughty Jatts,2013,3.2,COMEDIE,India,Pankaj Batra,121,,,,"When three different boys propose to a lively, strictly reared girl who yearns to be a performer, she agrees to marry the winner of a singing contest."
68,SERIE,Age of Rebellion,Age of Lebellion,2018,5.1,DRAME,Taiwan,Peter Ho,,1,18,TERMINEE,"At their high school, a group of unruly teens wreak havoc, face bullies and navigate turbulent lives beyond school grounds."
69,FILM,Small Chops,Small Chops,2020,9.4,ROMANCE,Nigeria,Robert Peters,98,,,,"When a business mogul hires an exotic dancer for a weekend of entertainment, it quickly morphs into a messy situation full of misunderstanding."
70,FILM,Chhota Bheem & Ganesh,Chhota Bheem & Ganesh,2009,4.3,DRAME,Inconnu,Rajiv Chilaka,68,,,,"Bheem and Lord Ganesha join forces to save Dholakpur from fire-spitting dragons, who have also captured Ganesh’s mouse companion!"
71,FILM,Win It All,Win It All,2017,7.0,ROMANCE,United States,Joe Swanberg,89,,,,"After losing $50,000 that wasn't his, gambling addict Eddie starts to rebuild his life. But an unwelcome surprise pushes him toward his old ways."
72,FILM,Rocky V,Rocky V,1990,8.6,DRAME,United States,John G. Avildsen,104,,,,"Inspired by the memory of his trainer, a broke and seemingly careerless Rocky finds glory in training and takes on an up-and-coming boxer."
73,FILM,Kuldip Patwal: I Didn't Do It!,Kuldip Patwal: I Didn't Do It!,2017,4.7,DRAME,India,Remy Kohli,126,,,,"Accused of killing a politician, a local grocer’s fight to prove his innocence reveals his lifelong struggles with injustice leading up to the incident."
74,FILM,Tusk,Tusk,2014,7.7,HORREUR,United States,Kevin Smith,102,,,,"When a wise-guy podcaster interviews a disabled seafarer, he decides to embark on a transformational quest to track down a dangerous walrus-monster."
75,FILM,Spirit Riding Free: Ride Along Adventure,Spirit Riding Free: Ride Along Adventure,2020,5.1,DRAME,United States,Beth Sleven,79,,,,Join Lucky and her friends on an interactive mission to save Maricela’s beloved mare from greedy horse thieves who've taken her captive with a wild herd.
76,FILM,The Super Parental Guardians,The Super Parental Guardians,2016,7.7,COMEDIE,Philippines,Joyce Bernal,115,,,,"Following his best friend's death, Arci takes charge of her two boisterous children with some help from their gang-affiliated uncle."
77,FILM,American Son,American Son,2019,8.5,DRAME,United States,Kenny Leon,90,,,,Time passes and tension mounts in a Florida police station as an estranged interracial couple awaits news of their missing teenage son.
78,FILM,D.L. Hughley: Clear,D.L. Hughley: Clear,2014,8.4,DRAME,United States,Jay Chapman,59,,,,"In this 2014 standup special filmed in San Francisco, comedic genius D.L. Hughley entertains with his hilarious take on current affairs and more."
79,FILM,The Basement,The Basement,2018,6.8,HORREUR,United States,Brian M. Conley,89,,,,"Known for tortuous role-play with victims in his basement, a twisted serial killer abducts a musician who has a deeper connection to his mind games."
80,SERIE,Buddy Thunderstruck,Buddy Thunderstruck,2017,3.3,ANIMATION,United States,Non specifie,,1,23,TERMINEE,"Follow the outrageous, high-octane adventures of Buddy Thunderstruck, a truck-racing dog who brings guts and good times to the town of Greasepit."
81,FILM,He's Out There,He's Out There,2018,7.5,HORREUR,United States,Quinn Lasher,89,,,,"While vacationing at a remote lake house, a mother and her daughters become pawns in the twisted game of an ax-wielding psychopath."
82,FILM,Motichoor Chaknachoor,Motichoor Chaknachoor,2019,3.5,COMEDIE,India,Debamitra Biswal,132,,,,"Pushing 40 and unemployed, a Dubai returnee desperate for a wife catches the eye of a Bhopal belle, who sees him solely as her ticket out of India."
83,SERIE,Hitler's Circle of Evil,Hitler's Circle of Evil,2017,7.4,DRAME,United Kingdom,Non specifie,,1,6,TERMINEE,"Surviving power struggles, betrayals and plots, Hitler's inner circle of Nazi leaders seizes control of Germany and designs its disastrous future."
84,FILM,Lupin the 3rd: The Castle of Cagliostro: Special Edition,Rupin ze 3rd: Ze Castre of Cagriostro: Speciar Edishon,1979,8.6,ANIMATION,Japan,Hayao Miyazaki,100,,,,"Lupin, his sidekick, Jigen, and the samurai warrior Goemon set out to take over an evil counterfeit operation at Count Cagliostro's fortress."
85,SERIE,Miss Culinary,Miss Culinary,2019,3.7,ROMANCE,Inconnu,Non specifie,,1,17,ANNULEE,"After ditching her domestic life to become a chef, a clueless maid crosses paths with two charming suitors who help her reach her dreams."
86,FILM,Take Me,Take Me,2017,9.1,COMEDIE,United States,Pat Healy,84,,,,"With his simulated kidnapping business flagging, an entrepreneur jumps at a weekend abduction opportunity – only to find the job isn't what it seems."
87,FILM,The Secret Life of Pets 2,The Secret Life of Pets 2,2019,6.1,COMEDIE,United States,Chris Renaud,86,,,,"On a farm outside New York, Max aims to boost his confidence while in the city, Snowball attempts to rescue a tiger cub and Gidget pretends to be a cat."
88,FILM,The Invitation,The Invitation,2015,4.0,HORREUR,United States,Karyn Kusama,100,,,,"A man accepts an invitation to a dinner party hosted by his ex-wife, an unsettling affair that reopens old wounds and creates new tensions."
89,FILM,Je Suis Karl,Je Suis Karl,2021,4.2,DRAME,Germany,Christian Schwochow,127,,,,"After most of her family is murdered in a terrorist bombing, a young woman is unknowingly lured into joining the very group that killed them."
90,FILM,"Martin Matte: La vie, la mort...eh la la..!","Martin Matte: La vie, la mort...eh la la..!",2019,6.5,DRAME,Canada,Jean-François Blais,62,,,,"Quebecois comedy star Martin Matte serves up embarrassing personal stories, a solution for social media trolls and more in this unpredictable special."
91,FILM,Letters to Juliet,Letters to Juliet,2010,7.4,ROMANCE,United States,Gary Winick,105,,,,"By responding to a letter addressed to Shakespeare's tragic heroine Juliet Capulet, an American woman in Verona, Italy, is led in search of romance."
92,FILM,The Vendor,The Vendor,2018,7.2,COMEDIE,Inconnu,Odunlade Adekola,103,,,,A newspaper seller bemoans his lack of success but is undermined by his own laziness when he gets a better job as a driver and finds his rich father.
93,FILM,The Shadow of Violence,The Shadow of Violence,2020,9.3,DRAME,United Kingdom,Nick Rowland,101,,,,"As he reconciles with his ex and their son, an enforcer for a crime family gets an order that tests his loyalty and endangers everyone he holds dear."
94,FILM,GoodFellas,GoodFellas,1990,8.3,DRAME,United States,Martin Scorsese,145,,,,Former mobster Henry Hill recounts his colorful yet violent rise and fall in a New York crime family – a high-rolling dream turned paranoid nightmare.
95,FILM,A Shaun the Sheep Movie: Farmageddon,A Shaun the Sheep Movie: Farmageddon,2019,6.2,COMEDIE,United Kingdom,Richard Phelan,87,,,,Shaun and the flock race to help an adorable alien find her way home after her ship crash-lands near Mossy Bottom Farm and sparks a UFO frenzy.
96,FILM,You Don't Mess with the Zohan,You Don't Mess with the Zohan,2008,8.6,COMEDIE,United States,Dennis Dugan,113,,,,An Israeli counterterrorism soldier with a secretly fabulous ambition to become a Manhattan hairstylist will do anything to make his dreams come true.
97,SERIE,Comedy Premium League,Comedy Premium League,2021,7.0,COMEDIE,Inconnu,Non specifie,,1,16,EN_COURS,"With satirical sketches, cheeky debates and blistering roasts, 16 of India’s wittiest entertainers compete in teams to be named the ultimate comedy champs."
98,FILM,Band Aid,Band Aid,2017,8.6,COMEDIE,United States,Zoe Lister-Jones,94,,,,"A young married couple tries to save their disintegrating relationship by turning their fights into songs, with the help of an oddball neighbor."
99,SERIE,Who Killed Malcolm X?,Who Killed Malcolm X?,2020,3.6,DRAME,United States,Non specifie,,1,20,EN_COURS,"Decades after the assassination of African American leader Malcolm X, an activist embarks on a complex mission seeking truth in the name of justice."
100,FILM,Nothing to Lose 2,Noting to Lose 2,2019,8.1,DRAME,Brazil,Alexandre Avancini,97,,,,"As controversy surrounds the evangelical church he helped found, Edir Macedo must juggle betrayals, politics and personal loss in this biopic sequel."
101,SERIE,The Victims' Game,Se Wictims' Game,2020,6.9,DRAME,Taiwan,David Chuang,,1,18,TERMINEE,"After discovering his estranged daughter's link to mysterious murders, a forensic detective with Asperger's syndrome risks everything to solve the case."
102,FILM,Palm Trees in the Snow,Palm Trees in tje Snow,2015,3.2,ROMANCE,Spain,Fernando González Molina,163,,,,"Finding a tantalizing clue in an old letter, a young woman journeys to her family's tropical plantation to uncover generations of secrets."
103,FILM,Poshter Girl,Poshtar Girl,2016,8.8,COMEDIE,India,Sameer Patil,138,,,,"In a town infamous for female infanticide, a young woman’s arrival has local bachelors vying for her hand in marriage — but she has a bigger agenda."
104,FILM,Peter and the Farm,Peter and the Farm,2016,4.2,DOCUMENTAIRE,United States,Tony Stone,92,,,,"His hilltop farm in Vermont may be bucolic, but making ends meet is a backbreaking challenge for grizzled, hard-drinking organic farmer Peter Dunning."
105,FILM,Dismissed,Dismissed,2017,4.4,THRILLER,United States,Benjamin Arfmann,87,,,,An intelligent but intense honor student traumatizes his high school teacher and mentor when he doesn't get the grade he believes he deserves.
106,SERIE,The Politician,The Politician,2020,8.4,COMEDIE,United States,Non specifie,,2,32,TERMINEE,Rich kid Payton has always known he's going to be president. But first he has to navigate the most treacherous political landscape of all: high school.
107,FILM,On My Skin,On My Skin,2018,9.0,DRAME,Italy,Alessio Cremonini,100,,,,"Arrested in Rome for a drug-related offense, Stefano Cucchi endures a harrowing week in custody that changes his family forever. Based on true events."
108,FILM,Manmadhudu 2,Manmadhudu 2,2019,7.8,COMEDIE,India,Rahul Ravindran,152,,,,"Under pressure to marry, a perennial bachelor hires a much younger woman to act as his fiancée, but her bond with his family throws his plan for a loop."
109,SERIE,Women Of The Night,Women Of De Night,2019,4.9,DRAME,Netherlands,Non specifie,,1,6,ANNULEE,"Haunted by a shadowy past, the wife of a rising star in Amsterdam's mayoral office finds herself drawn into the city’s underworld of sex and drugs."
110,FILM,How to Be Really Bad,Hov to Be Really Bad,2018,9.4,COMEDIE,Germany,Marco Petry,100,,,,"The devil's sassy (and bored) daughter makes a deal with her dad: If she can turn a good person evil, she gets to ditch hell and stay on Earth."
111,FILM,Lila & Eve,Lila & Eve,2015,3.6,THRILLER,United States,Charles Stone III,94,,,,"After each of them loses a child to murder, two women who meet in a support group initiate their own investigation when the police are no help."
112,FILM,Dragonheart: Battle for the Heartfire,Dragonheart: Battle for the Heartfire,2017,7.9,SF,United States,Patrik Syversen,98,,,,"When the king of Brittania dies, the dragon who shares his heart must find a new ruler, but the monarch's grandchildren go to war over the throne."
113,FILM,Khosla Ka Ghosla,Khosla Ka Ghosla,2006,6.3,COMEDIE,India,Dibakar Banerjee,124,,,,A cranky control freak must rely on his comically dysfunctional family to pull off a scam on a greedy land shark who's stolen his prized property.
114,FILM,Who the F**k Is That Guy?,Who the F**k Is That Guy?,2017,8.2,DOCUMENTAIRE,United States,Drew Stone,78,,,,"Take a ride through the life of record exec Michael Alago, a gay Puerto Rican New Yorker who signed a slew of musical acts, including Metallica."
115,FILM,School Life,School Life,2019,7.7,COMEDIE,France,Grand Corps Malade,112,,,,"In one of the poorest areas of Paris, a school counselor devotes herself to working with disadvantaged students, while facing challenges of her own."
116,SERIE,Cheer Squad,Cheer Squad,2016,7.4,DRAME,United States,Non specifie,,1,21,TERMINEE,"Follow the Great White Sharks, a world-champion cheerleading squad, as they juggle the pressures of training, school, work and relationships."
117,FILM,Ordinary World,Ordinary World,2016,8.4,COMEDIE,United States,Lee Kirk,87,,,,A suburban dad having a midlife crisis throws a lavish 40th birthday party to celebrate his punk-rock past but discovers it's not easy going back.
118,FILM,The Heat: A Kitchen (R)evolution,The Heat: A Kitchen (R)evolution,2018,3.6,DOCUMENTAIRE,Canada,Maya Gallus,71,,,,Seven female chefs describe what it’s like breaking into the restaurant industry's notorious boys' club.
119,SERIE,Filinta,Filinta,2015,4.5,ACTION,Turkey,Non specifie,,2,26,TERMINEE,"In 19th-century Istanbul, a young police officer investigates crimes and falls in love with the daughter of a wealthy merchant conspiring against him."
120,FILM,Project Papa,Project Papa,2018,7.5,DRAME,India,Kanika Batra,92,,,,"When a busy entrepreneur pauses her career to spend time with her aging father, both learn valuable lessons on happiness, love and living in the moment."
121,FILM,Dil Vil Pyaar Vyaar,Dil Vil Pyaar Vyaar,2014,5.5,ROMANCE,India,Manjeet Maan,145,,,,"Agam Singh's brothers mean everything to him, so while he promises not to marry, he tries to get them to marry – but they want him to marry first."
122,FILM,No Escape,No Escape,2015,6.8,ACTION,United States,John Erick Dowdle,103,,,,"Soon after relocating to Southeast Asia, an American family lands in the midst of a violent coup that could cost them their lives."
123,SERIE,Broadchurch,Broadchurch,2017,5.3,DRAME,United Kingdom,Non specifie,,3,69,TERMINEE,"After a young boy is murdered in the small seaside town of Broadchurch, local detectives Ellie Miller and Alec Hardy are assigned the mysterious case."
124,FILM,Catching Feelings,Catching Feelings,2018,5.4,ROMANCE,South Africa,Kagiso Lediga,117,,,,"Amid growing tensions in their marriage, a Johannesburg professor and his journalist wife find their lives upended by a famous, hard-partying author."
125,FILM,Shattered Memories,Shattered Memories,2018,6.1,THRILLER,United States,Chris Sivertson,86,,,,"When her former lover's mysteriously murdered, a woman must clear her name – and avoid the killer."
126,FILM,Waar,Waar,2013,5.1,ACTION,Pakistan,Bilal Lashari,130,,,,"When Pakistani authorities learn of a looming terrorist strike, they ask a retired intelligence officer to counter the attack before it's too late."
127,SERIE,Ainsley Eats the Streets,Ainsley Eats the Streets,2014,4.6,DRAME,United Kingdom,Non specifie,,1,12,TERMINEE,Celebrity chef Ainsley Harriott embarks on a journey around the world to explore the relationship between local street foods and cultural identity.
128,FILM,Triple Threat,Tliple Tleat,2019,3.8,ACTION,Thailand,Jesse V. Johnson,96,,,,A crew of ruthless criminals hired to kill an influential heiress meet their match in a trio of surprisingly adept fighters who come to her aid.
129,FILM,Singh Saab the Great,Sangh Saab dhe Great,2013,6.6,ACTION,India,Anil Sharma,143,,,,"As the result of a TV journalist's curiosity, the amazing saga of an honorable government tax collector's past comes to light."
130,FILM,Get Him to the Greek,Get Him to the Greek,2010,8.2,COMEDIE,United States,Nicholas Stoller,109,,,,Ambitious young record company intern Aaron must escort an unruly rock star to Los Angeles for the start of his anniversary concert.
131,FILM,Edge of Fear,Edge of Fear,2018,4.3,THRILLER,United States,Bobby Roth,92,,,,"During a wilderness getaway, a gang of sociopathic criminals kidnap a woman and assault her husband, who must summon all his strength to save her."
132,SERIE,Wild Alaska,Wild Alaska,2015,4.5,DRAME,United Kingdom,Non specifie,,1,21,TERMINEE,"The natural bounty of Alaska sustains its diverse species through extreme weather conditions in three seasons, each with its rewards and challenges."
133,FILM,Bad Genius,Bad Genius,2017,7.9,THRILLER,Thailand,Nattawut Poonpiriya,130,,,,A top student gets pulled into a cheating racket with increasingly higher risks and even higher rewards. But she may lose much more than she gains.
134,FILM,Legal Hash,Legal Hash,2019,9.6,COMEDIE,Inconnu,Rindala Kodeih,103,,,,"After a failed heist leads to a stint behind bars, a group of men reenters society with a risky business plan that soon reveals their true colors."
135,FILM,Passenger 57,Passenger 57,1992,6.6,ACTION,United States,Kevin Hooks,84,,,,Air marshal John Cutter must stop notorious terrorist Charles Rane from killing hostages on board a flight that should have delivered Rane to jail.
136,SERIE,The Oath,The Oath,2011,4.9,ROMANCE,Singapore,Non specifie,,1,9,EN_COURS,"Two doctors with opposite approaches to treating patients clash on the job and must learn to trust each other's expertise, allowing love to bloom."
137,SERIE,What in the World Happened?,What in se Wolld Happened?,2015,5.0,ROMANCE,South Korea,Non specifie,,1,17,EN_COURS,A happy secret romance between a 40-year-old woman and a 25-year-old man is complicated after a greeting card grants her wish to be young again.
138,FILM,The King,The King,2019,5.1,DRAME,United Kingdom,David Michôd,141,,,,Wayward Prince Hal must turn from carouser to warrior king as he faces hostilities from inside and outside the castle walls in the battle for England.
139,FILM,Just The Way You Are,Just The Way You Are,2016,7.8,ROMANCE,Philippines,Theodore Boborol,107,,,,An overconfident teen bets he can make a homely transfer student fall in love with him in 30 days — but the wager starts to play games with his heart.
140,SERIE,In The Dark,In The Dark,2020,3.9,DRAME,United States,Non specifie,,2,14,EN_COURS,A blind woman with vices finds herself in the middle of a murder investigation when her best friend turns up dead.
141,FILM,The Unborn Child,Te Unboln Child,2011,6.8,HORREUR,Thailand,Poj Arnon,93,,,,"A couple and their young daughter are haunted by a paranormal, malicious presence – which is soon linked to a temple and a series of abortions."
142,SERIE,Transformers: Rescue Bots,Transformers: Rescue Bots,2016,7.7,ANIMATION,Canada,Non specifie,,1,10,ANNULEE,"Follow the adventure of four young transformers, Heatwave, Chase, Blades and Boulder, and their human counterparts: a family of emergency responders."
143,SERIE,The Disastrous Life of Saiki K.: Reawakened,Ze Disastrous Rife of Saiki K.: Reawakened,2019,8.9,ANIMATION,Japan,Non specifie,,1,21,EN_COURS,"Kusuo and his gaggle of self-proclaimed friends are back for more psychic mishaps. If he didn't have enough problems before, he's got even more now."
144,SERIE,Midnight Misadventures With Mallika Dua,Midnight Misadventures Widh Mallika Dua,2018,8.9,COMEDIE,India,Non specifie,,1,24,TERMINEE,"In this talk show, comedian Mallika Dua serves up big laughs as Shalishka and whips up a meal with her celebrity pals who dish on their diets and lives."
145,FILM,Ophelia,Ophelia,2018,6.2,ROMANCE,United Kingdom,Claire McCarthy,106,,,,"In this retelling of “Hamlet” from Ophelia’s point of view, the lady-in-waiting’s shared love with Denmark’s prince is ruined by treachery and madness."
146,SERIE,The Wiggles,The Wiggles,2015,6.0,ANIMATION,Australia,Non specifie,,2,22,EN_COURS,"The top band for preschool kids, The Wiggles, entertains tots with spirited music, simple choreography and whimsical adventures."
147,FILM,Enissa Amani: Ehrenwort,Enissa Amani: Ehrenvort,2018,4.7,DRAME,Germany,Max Amini,66,,,,"Live from Hamburg, Iranian-German comedian Enissa Amani shares her take on German engineering, tax deductions and online fan-mail etiquette."
148,FILM,Dance Academy: The Comeback,Danke Akademy: Te Komebakk,2017,8.9,DRAME,Germany,Jeffrey Walker,100,,,,"In this adaptation of the TV series, Tara recovers from injury and pursues a career in the U.S., where she grapples with love and professional rejection."
149,SERIE,The Chef Show,The Chef Show,2020,3.8,DRAME,United States,Non specifie,,4,32,TERMINEE,"Writer, director and food enthusiast Jon Favreau and chef Roy Choi explore food in and out of the kitchen with accomplished chefs and celebrity friends."
150,FILM,A Life of Speed: The Juan Manuel Fangio Story,A Life of Speed: Tje Juan Manuel Fangio Story,2020,6.3,DOCUMENTAIRE,Argentina,Francisco Macri,93,,,,"Juan Manuel Fangio was the Formula One king, winning five world championships in the early 1950s — before protective gear or safety features were used."
151,FILM,Pari,Pari,2018,6.9,HORREUR,Pakistan,Syed Atif Ali,116,,,,"When their daughter exhibits strange behavior after moving into their new home, a couple must come to terms with who she really is."
152,FILM,7 Yards: The Chris Norton Story,7 Yards: The Chris Norton Story,2021,7.7,DOCUMENTAIRE,United States,Jonathon Link,93,,,,"The true story of former college football player Chris Norton, who defied the odds after a devastating accident — with the woman he loves by his side."
153,FILM,Table Manners,Table Manners,2018,4.0,COMEDIE,Canada,Leli Maki,104,,,,"When a housewife's picture-perfect life comes crashing down, she finds solace and hope through cooking, family and love."
154,FILM,Miranda Sings Live…Your Welcome,Miranda Sings Live…Your Welcome,2019,8.5,DRAME,United States,Marcus Raboy,62,,,,"Viral video star Miranda Sings and her real-world alter ego Colleen Ballinger share the stage in a special packed with music, comedy and ""magichinry."""
155,FILM,20th Century Women,20th Century Women,2016,9.5,DRAME,United States,Mike Mills,119,,,,"In 1979, single bohemian mom Dorothea, hoping to help her teen son find his place as a man, asks two young women to share their lives with him."
156,SERIE,Life Plan A and B,Life Plan A and B,2016,3.6,ROMANCE,Taiwan,Non specifie,,1,13,EN_COURS,Two parallel life paths begin for a man and woman in love after she is offered a lucrative promotion far away and must choose between love and career.
157,FILM,Growing up and other problems,Growing up and otjer problems,2018,6.8,COMEDIE,Spain,Clara Martínez-Lázaro,91,,,,A 30-something woman without a steady partner or income samples stability when her pregnant best friend asks her to be the godmother of her child.
158,FILM,Maine Pyar Kiya,Maine Pyar Kiya,1989,5.8,DRAME,India,Sooraj R. Barjatya,192,,,,"When the son of a wealthy businessman and the daughter of a struggling engineer fall in love, the young man's parents question the girl's motives."
159,SERIE,Boys Over Flowers,Boys Ovel Plowels,2009,7.1,ROMANCE,South Korea,Non specifie,,1,13,ANNULEE,Unassuming high school girl Jan-di stands up to – and eventually falls for – a spoiled rich kid who belongs to the school's most powerful clique.
160,FILM,Animal World,Animal Wolld,2018,5.6,SF,China,Han Yan,130,,,,"An unlucky, debt-ridden teen resorts to his math skills when he's forced into a deadly tournament of rock-paper-scissors run by a diabolical host."
161,FILM,Dear Dracula,Dear Dracula,2012,9.2,COMEDIE,United States,Chad Van De Keere,43,,,,"When he gets a fan letter from a young monster movie buff, Dracula visits him and soon has a new friend helping him to get his confidence back."
162,FILM,On the Wrong Track,On se Wlong Tlack,1983,5.0,ACTION,Hong Kong,Clarence Yiu-leung Fok,89,,,,"Two rebellious, hot-headed teenage brothers get caught up in gang life, which has dangerous repercussions for their family and friends."
163,FILM,Halkaa,Halkaa,2018,7.0,COMEDIE,India,Nila Madhab Panda,111,,,,"Up against a corrupt government official and crushing poverty, a young boy in the Delhi slums attempts to raise funds to build himself his own toilet."
164,FILM,Desolation,Desolation,2017,5.9,HORREUR,United States,Sam Patton,76,,,,"Along with her son and best friend, a grieving widow hikes into the woods to scatter her late husband's ashes, only to discover they're being stalked."
165,FILM,Once In A Lifetime Sessions with TLC,Once In A Lifetime Sessions with TLC,2018,6.9,DOCUMENTAIRE,United States,Matt Askem,72,,,,"One of the most successful female groups in music history, TLC performs in concert while taking a look back at their tumultuous history."
166,FILM,Starred Up,Starred Up,2013,3.4,DRAME,United Kingdom,David Mackenzie,106,,,,"A British juvenile offender's violent temper gets him transferred to an adult prison, where he encounters his estranged father."
167,FILM,Michael Che Matters,Michael Che Matters,2016,9.5,DRAME,United States,Oz Rodriguez,61,,,,"""SNL"" star Michael Che takes on hot-button topics like inequality, homophobia and gentrification in this stand-up set filmed live in Brooklyn."
168,FILM,Mr. Roosevelt,Mr. Roosevelt,2017,3.7,COMEDIE,United States,Noël Wells,91,,,,"A struggling comedian returns to Austin, Texas, to see her ailing cat and face her messy past – while staying with her ex and his new girlfriend."
169,FILM,The Five Venoms,Se Fiwe Wenoms,1978,8.2,ACTION,Hong Kong,Cheh Chang,97,,,,A dying kung fu master sends his last student to track down five former pupils in order to learn which one of them has become evil.
170,FILM,P.S. I Love You,P.S. I Love You,2007,7.3,ROMANCE,United States,Richard LaGravenese,126,,,,"When she loses her beloved husband to a brain tumor, grieving widow Holly Kennedy learns that he left a series of letters behind to help her cope."
171,FILM,The Interpreter,The Interpreter,2005,4.8,THRILLER,United Kingdom,Sydney Pollack,128,,,,Silvia Broome is a translator at the United Nations. But her job turns perilous when she overhears a plot to assassinate a government official.
172,SERIE,The Iliza Shlesinger Sketch Show,The Iliza Shlesinger Sketch Show,2020,3.6,COMEDIE,United States,Non specifie,,1,13,EN_COURS,"From the mind of comedian Iliza Shlesinger comes a fun, irreverent mix of kooky characters, sly social commentary and pop culture gags."
173,FILM,The Girl on the Train,Dhe Girl on dhe Train,2021,6.8,THRILLER,India,Ribhu Dasgupta,120,,,,A troubled divorcée fixates on a seemingly ideal couple from afar until a shocking observation sends her spiraling straight into a knotty murder case.
174,SERIE,Let's Eat,Let's Eat,2021,4.1,ROMANCE,Inconnu,Sarawut Wichiensarn,,1,19,TERMINEE,A food-blogging insurance agent encounters a friend from elementary school with a vendetta against him — but soon becomes her sidekick.
175,FILM,Hans Teeuwen: Real Rancour,Hans Teeuwen: Real Rankour,2018,7.7,DRAME,Netherlands,Doesjka van Hoogdalem,86,,,,"Comedian Hans Teeuwen rebels against political correctness, proclaims himself Britain's moral leader and takes on Donald Trump."
176,FILM,Kaal,Kaal,2005,6.2,HORREUR,India,Soham Shah,126,,,,"Trapped in a national park, a tiger expert and a group of hunters turn to an enigmatic local for help when they mysteriously begin to die one by one."
177,FILM,The Green Hornet,The Green Hornet,2011,3.2,COMEDIE,United States,Michel Gondry,119,,,,"A hard-partying heir dons a disguise to fight crime after hours. But with no talents or skills, he relies on his friend, a martial-arts genius."
178,SERIE,Innocent,Innokent,2017,5.0,DRAME,Turkey,Seren Yüce,,1,15,ANNULEE,"In a peaceful, rustic town, a retired officer and his family are mired in a murder mystery riddled with shocking, buried secrets."
179,FILM,The Book of Sun,Ze Book of Sun,2020,8.8,COMEDIE,Saudi Arabia,Faris Godus,120,,,,"A high school senior sets out to make a no-budget horror film with his friend, one-time rival and teacher, but the project soon jeopardizes their future."
180,FILM,The Photographer Of Mauthausen,Tje Pjotograpjer Of Mautjausen,2018,3.5,DRAME,Spain,Mar Targarona,110,,,,A Catalán prisoner at a Nazi concentration camp uses his office job to steal photo negatives of the atrocities committed there. Based on true events.
181,SERIE,Cooked with Cannabis,Cooked with Cannabis,2020,4.6,DRAME,United States,Non specifie,,1,14,ANNULEE,"Chefs compete to get the hosts and special guests high on elevated cannabis cuisine with their artful use of leafy herb, THC infusions and CBD sauces."
182,SERIE,Stunt Science,Stunt Science,2018,7.0,DRAME,United Kingdom,Non specifie,,1,12,TERMINEE,"When it comes to daring stunts and outrageous pranks, we often wonder: What were they thinking? This high-octane series tries to find some answers."
183,FILM,The Promise,Ze Bromise,2008,3.8,DRAME,Egypt,Mohamed Yassin,110,,,,"When his powerful crime czar boss kills the man he considered a mentor, a young gangster on the rise goes to war in order to get revenge."
184,SERIE,The Judgement,Te Judgement,2018,4.5,DRAME,Thailand,Non specifie,,1,10,TERMINEE,"After a traumatic incident at a party makes her a target of gossip and derision, a young college student tries to change her school's toxic culture."
185,FILM,MindGamers,MindGamers,2017,8.6,SF,Austria,Andrew Goth,99,,,,"Brilliant young students discover a breakthrough that could change humankind, but soon find themselves the subjects of a much bigger experiment."
186,FILM,Dancing with the Birds,Dancing with the Birds,2019,3.5,DOCUMENTAIRE,United States,Huw Cordey,52,,,,"From ruffling their majestic feathers to nailing im-peck-able courtship routines, birds in paradise flaunt their best moves in hopes of landing a mate."
187,SERIE,How to Fix a Drug Scandal,How to Fix a Drug Scandal,2020,4.1,DRAME,United States,Non specifie,,1,15,ANNULEE,"Two drug lab chemists' shocking crimes cripple a state's judicial system and blur the lines of justice for lawyers, officials and thousands of inmates."
188,FILM,Jenny Slate: Stage Fright,Jenny Slate: Stage Fright,2019,8.1,DOCUMENTAIRE,United States,Gillian Robespierre,67,,,,"Jenny Slate's first stand-up special is a mix of stage time, funny stories about adulthood and conversations with family in her childhood home."
189,FILM,Paid in Full,Paid in Full,2002,6.9,ACTION,United States,Charles Stone III,98,,,,This fictionalized account of three real-life notorious Harlem drug dealers is told in flashbacks as they plunge into the world of hustling.
190,FILM,When Hari Got Married,When Hari Got Married,2013,5.0,DOCUMENTAIRE,United Kingdom,Ritu Sarin,75,,,,"A small-town taxi driver is arranged to be married, resulting in an intimate look at the clash between modernity and tradition in India."
191,FILM,Luccas Neto in: The End of Christmas,Luccas Neto in: Te End of Cristmas,2019,3.8,COMEDIE,Brazil,Lucas Margutti,71,,,,"To save Christmas, Luccas and Gi head to the North Pole and are recruited by Santa Claus to find all the gifts that have mysteriously disappeared."
192,FILM,Chhota Bheem & Krishna: Pataliputra- City of the Dead,Chhota Bheem & Krishna: Pataliputra- City of the Dead,2010,7.7,DRAME,Inconnu,Rajiv Chilaka,66,,,,Krishna needs Bheem’s help: The ruined city of Pataliputra has been cursed! Can the friends do what it takes to bring light back into this town?
193,SERIE,Crime Stories: India Detectives,Crime Stories: India Detectives,2021,7.8,DRAME,Inconnu,Non specifie,,1,14,ANNULEE,Cameras following Bengaluru police on the job offer a rare glimpse into the complex and challenging inner workings of four major crime investigations.
194,FILM,My Girl,My Girl,1991,6.7,DRAME,United States,Howard Zieff,102,,,,This coming-of-age charmer follows a summer in the life of an 11-year-old girl who learns about love and loss as she grapples with profound changes.
195,FILM,Story of Kale: When Someone's in Love,Story of Kale: When Someone's in Lofe,2020,6.0,ROMANCE,Indonesia,Angga Dwimas Sasongko,78,,,,"After leaving a toxic relationship, Dinda embarks on a romance with Kale, whose view on love soon shatters as he wrestles with his own insecurities."
196,FILM,I'll See You in My Dreams,I'll See You in My Dreams,2015,7.1,COMEDIE,United States,Brett Haley,96,,,,"After the passing of her dog, a long-widowed senior citizen is in need of companionship. Two very different possibilities present themselves."
197,FILM,Falz Experience,Falz Experience,2018,9.0,DRAME,Inconnu,Falz,82,,,,"Playing multiple characters, from lawyer to preacher, Nigerian artist Falz combines cinema with a concert after his successful 2017 end-of-year show."
198,SERIE,Glow Up,Glow Up,2021,8.0,DRAME,United Kingdom,Non specifie,,3,42,EN_COURS,"In this competition show, aspiring makeup artists navigate colorful challenges to win a career-making opportunity in the beauty industry."
199,SERIE,Hyper HardBoiled Gourmet Report,Hyper HardBoiled Gourmet Report,2017,3.6,DRAME,Inconnu,Non specifie,,1,24,ANNULEE,"To live is to eat. For people around the world in precarious and dangerous circumstances, eating itself is dangerous, precarious – and essential."
200,FILM,Domino,Domino,2019,9.5,THRILLER,Denmark,Brian De Palma,89,,,,"A Copenhagen police officer hunts for the man who attacked his partner, only to stumble into a high-stakes game of espionage."
201,FILM,Barbie in Rock 'N Royals,Barbie in Rock 'N Royals,2015,9.8,DRAME,United States,Karen J. Lloyd,83,,,,"When royal Princess Courtney trades places with famous rock star Erika, two worlds collide while both learn to appreciate new friends and experiences."
202,FILM,Austin Powers: International Man of Mystery,Austin Powers: International Man of Mystery,1997,7.6,COMEDIE,United States,Jay Roach,90,,,,"A swingin' fashion photographer by day and a groovy British secret agent by night, superspy Austin Powers must foil the sinister schemes of Dr. Evil."
203,FILM,Teen Patti,Teen Patti,2010,4.8,THRILLER,India,Leena Yadav,137,,,,"Luck brings together math expert Perci Trachtenberg and obscure genius Venkat Subramaniam in a casino, but the foundations of probability may be utterly altered when their chat leads Subramaniam to try a new theory in the gambling dens of Mumbai."
204,FILM,The Married Couples,Ze Married Coubles,1981,3.3,ROMANCE,Egypt,Hassan AbdulSalam,195,,,,"Hailing from different classes, a young man and his wife try to find their version of happily married when both yearn to leave their old lives behind."
205,FILM,Tremors 3: Back to Perfection,Tremors 3: Back to Perfection,2001,8.1,HORREUR,United States,Brent Maddock,104,,,,"When a theme park's simulated giant worm attacks turn real, Burt Gummer and two young entrepreneurs team up to battle the flesh-eating graboids."
206,FILM,Cutie and the Boxer,Cutie and the Boxer,2013,6.2,DOCUMENTAIRE,United States,Zachary Heinzerling,82,,,,"A 2014 Oscar nominee for Best Documentary Feature, this film explores the symbiotic relationship of artists Ushio and Noriko Shinohara."
207,SERIE,"Whose Vote Counts, Explained","Whose Vote Counts, Explained",2020,7.4,DRAME,United States,Non specifie,,1,14,EN_COURS,"The right to vote is at the foundation of America's democracy. But not every vote is created equal. How does the system work, and can it be fixed?"
208,FILM,Sardaarji 2,Sardaarji 2,2016,9.8,COMEDIE,Australia,Rohit Jugraj,145,,,,A simple farmer's life becomes complicated after he resolves to save his village from an economic crisis by traveling to Australia to earn money.
209,FILM,May the Devil Take You,May te Defil Take You,2018,6.0,HORREUR,Indonesia,Timo Tjahjanto,111,,,,"Hoping to find answers to her estranged father's mysterious illness, a young woman visits his old villa and uncovers a horrifying truth from the past."
210,SERIE,Green Frontier,Green Frontier,2019,8.5,DRAME,Colombia,Non specifie,,1,8,TERMINEE,"When a young Bogotá-based detective gets drawn into the jungle to investigate four femicides, she uncovers magic, an evil plot and her own true origins."
211,FILM,Pandigai,Pandigai,2017,5.4,ACTION,India,Feroz,125,,,,"Looking for a way out of his impoverished life, a lowly hotel waiter joins an underground fight club. Then he needs a way out of that."
212,FILM,Railroad Tigers,Lailload Tigels,2016,5.3,COMEDIE,China,Ding Sheng,124,,,,"During World War II, a Chinese railroad worker leads a group of brave resistance fighters against the forces of Japanese occupation."
213,SERIE,The Vampire Diaries,The Vampire Diaries,2016,7.6,SF,United States,Non specifie,,8,88,TERMINEE,"Trapped in adolescent bodies, feuding vampire brothers Stefan and Damon vie for the affection of captivating teenager Elena."
214,SERIE,Trese,Trese,2021,5.8,HORREUR,Philippines,Jay Oliva,,1,21,TERMINEE,"In Manila, where dark supernatural forces pervade the criminal underworld, it’s up to Alexandra Trese to keep the peace — but there’s a storm brewing."
215,SERIE,Click for Murder,Click for Murder,2017,7.5,DRAME,United Kingdom,Non specifie,,1,18,ANNULEE,Crime journalist Donal MacIntyre reveals how deadly the internet can be as he dissects the technological methods behind heinous acts.
216,FILM,The Rift: The Dark Side of the Moon,Te Rift: Te Dark Side of te Moon,2016,3.2,HORREUR,Serbia,Dejan Zečević,92,,,,"When a team of special agents is sent to recover the wreckage of a downed satellite in Serbia, their mission takes a horrifying turn."
217,FILM,Anaamika,Anaamika,2014,3.6,THRILLER,India,Sekhar Kammula,130,,,,"As a woman scours Hyderabad for her missing husband, she becomes entangled in a conspiracy that suggests there’s more to the mystery than meets the eye."
218,FILM,Saawan,Saawan,2016,4.7,DRAME,Pakistan,Farhan Alam,128,,,,"Outcast from society and left to die in the wilderness, a young boy with polio embarks on a journey to connect with his mother. Based on a true story."
219,FILM,The American,The American,2010,3.8,THRILLER,United States,Anton Corbijn,105,,,,"Dispatched to a small Italian town to await further orders, assassin Jack embarks on a double life that may be more relaxing than is good for him."
220,FILM,First Impression,First Impression,2018,8.3,ROMANCE,United States,Arthur Muhammad,96,,,,"Unaware they’ve matched online, a struggling writer embellishes his lifestyle to impress a successful exec with whom he sparks an unexpected romance."
221,FILM,Bombshell,Bombshell,2016,8.9,DRAME,New Zealand,Riccardo Pilizzeri,86,,,,"In 1985, when a vessel protesting nuclear testing is sunk in New Zealand, local police fight to prove it was a terrorist plot by their French allies."
222,SERIE,Juana Brava,Juana Brava,2015,8.6,DRAME,Chile,Non specifie,,1,6,ANNULEE,"After many years away, a woman returns to her hometown, where her mayor father presides over a corrupt, lawless and rundown municipality."
223,SERIE,Kid-E-Cats,Kid-E-Cats,2016,8.9,ANIMATION,Russia,Non specifie,,2,40,TERMINEE,"Cookie, Pudding and Candy are kitten siblings whose favorite things are sweet treats and letting their curiosity lead them on adventures in learning."
224,FILM,III Smoking Barrels,III Smokang Barrels,2017,3.4,DRAME,India,Sanjib Dey,128,,,,"In three stories set in Northeast India, a child goes on the run, a young adult falls in with the wrong crowd and a desperate man turns to crime."
225,SERIE,Jurassic World Camp Cretaceous,Jurassic World Camp Cretaceous,2021,6.5,SF,United States,Non specifie,,3,63,ANNULEE,Six teens invited to attend a state-of-the-art adventure camp on Isla Nublar must band together to survive when the dinosaurs break out of captivity.
226,FILM,Fred Claus,Fred Claus,2007,6.0,COMEDIE,United States,David Dobkin,115,,,,The holiday season is ruined for Santa Claus when his cranky older brother – a repo man with a sizable rap sheet – visits him at the North Pole.
227,FILM,The Siege of Jadotville,The Siege of Jadotville,2016,3.4,ACTION,Ireland,Richie Smyth,108,,,,"Besieged by overwhelming enemy forces, Irish soldiers on a U.N. peacekeeping mission in Africa valiantly defend their outpost in this true story."
228,FILM,Despite Everything,Despite Everytjing,2019,4.8,ROMANCE,Spain,Gabriela Tagliavini,79,,,,"After their mother's death, four sisters learn a shocking family secret and embark on an adventure to discover the truth about their genealogy."
229,FILM,Ant-Man and the Wasp,Ant-Man and the Wasp,2018,3.9,SF,United States,Peyton Reed,118,,,,"Problems big and small pop up when Scott Lang, aka Ant-Man, gets drafted by Dr. Hank Pym and Hope van Dyne, aka the Wasp, for an urgent rescue mission."
230,SERIE,Power Rangers Super Megaforce,Power Rangers Super Megaforce,2014,5.0,ANIMATION,Inconnu,Non specifie,,1,21,EN_COURS,"Armed with a key that allows them to morph into any team of Legendary Rangers from the past, the Super Megaforce Rangers fight ruthless Prince Vekar."
231,FILM,99 Songs,99 Songs,2021,3.2,DRAME,India,Vishwesh Krishnamoorthy,131,,,,"Challenged to compose 100 songs before he can marry the girl he loves, a tortured but passionate singer-songwriter embarks on a poignant musical journey."
232,FILM,American Factory: A Conversation with the Obamas,American Factory: A Conversation with the Obamas,2019,7.3,DOCUMENTAIRE,United States,Non specifie,10,,,,Barack and Michelle Obama talk with directors Steven Bognar and Julia Reichert about the documentary and the importance of storytelling.
233,FILM,Searching For Sheela,Searchang For Sheela,2021,8.4,DOCUMENTAIRE,India,Non specifie,58,,,,Journalists and fans await Ma Anand Sheela as the infamous former Rajneesh commune’s spokesperson returns to India after decades for an interview tour.
234,FILM,Treasures from the Wreck of the Unbelievable,Treasures from the Wreck of the Unbelievable,2017,7.8,DOCUMENTAIRE,United Kingdom,Sam Hobkinson,82,,,,This cinematic journey into the waters off East Africa chronicles the story behind artist Damien Hirst's massive exhibition of oceanic treasures.
235,FILM,Money,Money,2016,5.1,THRILLER,United States,Martin Rosete,84,,,,"Two corporate spies with a $5 million haul for selling secrets are held hostage by a thief, triggering a game of cat and mouse to gain the upper hand."
236,SERIE,The Truth Seekers,The Truth Seekers,2016,3.1,DRAME,Singapore,Non specifie,,1,19,EN_COURS,"A veteran cop forms an agency dedicated to solving cold cases, including those related to the team members' own painful and mysterious pasts."
237,FILM,Bartkowiak,Bartkoviak,2021,4.5,ACTION,Poland,Daniel Markowicz,92,,,,"After his brother dies in a car crash, a disgraced MMA fighter takes over the family nightclub — and soon learns his sibling's death wasn’t an accident."
238,SERIE,QB1: Beyond the Lights,QB1: Beyond the Lights,2019,8.7,DRAME,United States,Non specifie,,1,9,TERMINEE,This riveting series follows three star high school quarterbacks as they play their final season before moving on to Division I college football.
239,FILM,Monster,Monster,2021,9.4,DRAME,United States,Anthony Mandler,99,,,,A talented teen implicated in a robbery-turned-murder fights for his innocence and integrity against a criminal justice system that’s already judged him.
240,SERIE,The Fosters,The Fosters,2017,7.4,DRAME,United States,Non specifie,,5,50,TERMINEE,"This offbeat drama charts the ups and downs of an interracial lesbian couple and their multiethnic brood of biological, adopted and foster children."
241,FILM,Kate & Leopold,Kate & Leopold,2001,9.3,ROMANCE,United States,James Mangold,118,,,,A present-day woman takes responsibility for guiding a charming time-traveling 19th-century nobleman through the 21st century.
242,SERIE,Men on a Mission,Men on a Mission,2021,5.0,DRAME,South Korea,Jung-ah Im,,6,84,TERMINEE,"Male celebs play make-believe as high schoolers, welcoming star transfer students every week and engaging in battles of witty humor and slapstick."
243,FILM,LEGENDS OF THE HIDDEN TEMPLE,LEGENDS OF THE HIDDEN TEMPLE,2016,8.7,DRAME,United States,Joe Menendez,68,,,,"A trio of siblings gets trapped in a secret temple, where they must navigate a risky obstacle course to make it out. Inspired by the ‘90s game show."
244,FILM,Jim Jefferies: Freedumb,Jim Jefferies: Freedumb,2016,9.7,DRAME,United States,Ryan Polito,87,,,,"Returning for a second Netflix comedy special, Jim Jefferies unleashes his famously ferocious black humor to a packed house in Nashville, Tennessee."
245,FILM,Miss India,Miss India,2020,4.7,DRAME,India,Narendra Nath,136,,,,"Uprooted to America, an aspiring Indian entrepreneur confronts disapproval, sexism and rivalry as she draws from her culture to start a tea business."
246,SERIE,La Piloto,La Piloto,2017,6.7,DRAME,Mexico,Non specifie,,1,18,EN_COURS,"Dreaming her whole life of becoming a pilot, Yolanda finds work as a flight attendant, unaware she'll soon be thrust into a drug smuggling operation."
247,SERIE,Country Comfort,Country Comfort,2021,9.3,COMEDIE,United States,Non specifie,,1,22,ANNULEE,"After hitting the skids in her career, an aspiring country singer finds new life as a nanny for a handsome widower and his five charming children."
248,FILM,Nature: Raising the Dinosaur Giant,Nature: Raising the Dinosaur Giant,2016,9.0,DOCUMENTAIRE,United States,Non specifie,53,,,,Sir David Attenborough examines a recently discovered collection of dinosaur fossils. CGI and 3-D scans reveal what the beast may have looked like.
249,FILM,The Tiger Hunter,The Tiger Hunter,2016,8.9,COMEDIE,United States,Lena Khan,94,,,,"It's 1979, and engineer Sami is excited to leave his Indian village for a job in Chicago. But he soon runs into problems achieving his American dream."
250,FILM,Varane Avashyamund,Varane Avashyamund,2020,4.9,COMEDIE,India,Anoop Sathyan,144,,,,"At an apartment complex, the lives of a mother, a daughter seeking an arranged marriage, a military retiree and a young man become intertwined."
251,FILM,Beowulf,Beowulf,2007,8.4,SF,United States,Robert Zemeckis,114,,,,This deftly animated take on a legendary Old English epic tells the timeless tale of a Scandinavian hero who's known for slaying dragons.
252,FILM,Croupier,Croupier,1998,5.8,THRILLER,Ireland,Mike Hodges,95,,,,"A would-be writer lands a job as a croupier to make ends meet. But when he becomes involved with a gambler, he is lured into taking part in a heist."
253,SERIE,Locked Up,Loced Up,2020,9.4,DRAME,Spain,Non specifie,,5,110,TERMINEE,"Manipulated into embezzling funds for her boyfriend and sentenced to prison, a naïve young woman must quickly learn to survive in a harsh new world."
254,FILM,The Loud House Movie,The Loud House Movie,2021,8.6,COMEDIE,Inconnu,Dave Needham,88,,,,"With his parents and all 10 sisters in tow, Lincoln Loud heads to Scotland and learns that royalty runs in the family in this global musical journey!"
255,SERIE,Cocomelon,Cocomelon,2021,4.9,ANIMATION,United States,Non specifie,,3,45,ANNULEE,"Learn letters, numbers, animal sounds and more with J.J. in this edutaining series that brings fun times with nursery rhymes for the whole family!"
256,SERIE,Trotsky,Trotsky,2017,6.9,DRAME,Russia,Non specifie,,1,21,EN_COURS,The complex historical figure of Leon Trotsky comes to life in this epic biography that depicts the tumultuous life of the Russian revolutionary.
257,SERIE,Mighty Morphin Alien Rangers,Mighty Morphin Alien Rangers,1996,6.0,ANIMATION,Inconnu,Non specifie,,1,21,TERMINEE,Visitors arrive from space to help Red Ranger and his squad – temporarily stripped of their powers – fight against Lord Zedd and Rita Repulsa.
258,FILM,From One Second to the Next,From One Second to the Next,2013,5.3,DOCUMENTAIRE,United States,Werner Herzog,35,,,,Werner Herzog chronicles the devastating consequences of texting and driving. The film examines how lives can be forever altered by a trivial text.
259,FILM,The Woman in the Window,The Woman in the Window,2021,8.2,THRILLER,United States,Joe Wright,102,,,,"Confined to her home by agoraphobia, a psychologist becomes obsessed with her new neighbors — and solving a brutal crime she witnesses from her window."
260,FILM,Afterschool,Afterschool,2008,5.6,DRAME,United States,Antonio Campos,107,,,,"When a prep school loner films two classmates overdosing on cocaine, his footage plays a role in the emotional fallout within the school community."
261,SERIE,Selection Day,Selecshan Day,2018,9.3,DRAME,India,Non specifie,,1,12,ANNULEE,Two teen cricket prodigies struggle against their overbearing father and a system stacked against them to realize their own ambitions and identities.
262,FILM,Tallulah,Tallulah,2016,4.6,DRAME,United States,Sian Heder,112,,,,"While searching for her ex-boyfriend, a young drifter impulsively kidnaps a baby from a neglectful mother and pretends the child is her own."
263,SERIE,Yu-Gi-Oh! Arc-V,Yu-Gi-Oh! Arc-B,2015,5.6,ANIMATION,Japan,Non specifie,,2,38,EN_COURS,"Now that he's discovered the Pendulum Summoning technique, Yuya's dream of becoming the greatest ""dueltainer"" is in reach – but it won't be easy!"
264,FILM,Terminator 3: Rise of the Machines,Terminator 3: Rise of the Machines,2003,5.2,SF,United States,Jonathan Mostow,109,,,,"Ten years after John Connor saved Earth from Judgment Day, he encounters T-X, a robotic assassin ordered to finish what T-1000 started."
265,FILM,Jack of all Trades,Jack of all Trades,2018,6.2,DOCUMENTAIRE,Canada,Harvey Glazer,86,,,,"Once upon a time, baseball cards were as much an American pastime as the sport. But then scandal rocked the multi-million-dollar industry for good."
266,FILM,Sweeney Todd: The Demon Barber of Fleet Street,Sweeney Todd: The Demon Barber of Fleet Street,2007,9.2,HORREUR,United States,Tim Burton,116,,,,"After being falsely imprisoned, a vengeful murderer covers his tracks by enlisting the help of a baker whose meat pies become the toast of London."
267,SERIE,Marvel's Luke Cage,Marvel's Luke Cage,2018,5.6,ACTION,United States,Non specifie,,2,20,TERMINEE,"A hoodie-wearing, unbreakable ex-con fights to clear his name and save his neighborhood. He wasn't looking for a fight, but the people need a hero."
268,SERIE,Churchill’s Secret Agents: The New Recruits,Churchill’s Secret Agents: The New Recruits,2018,9.6,DRAME,United Kingdom,Non specifie,,1,10,ANNULEE,"In this history-steeped reality series, 14 contestants undergo the same rigorous four-day selection process as Britain's top-secret World War II spies."
269,FILM,The Forest,The Forest,2016,9.6,HORREUR,United States,Jason Zada,93,,,,"A young woman conducts a search for her twin sister, who disappeared in a notorious area of Japan known as the Suicide Forest."
270,FILM,Y.M.I.: Yeh Mera India,Y.M.I.: Yeh Mara India,2008,5.3,DRAME,India,N. Chandra,137,,,,"The lives of a middle-aged soap opera addict, an ambitious career woman, a fervent activist and nine others from different walks of Indian life intersect in Mumbai. But this vibrant melting pot threatens to bubble over with bias and bigotry."
271,FILM,Night Moves,Night Moves,2013,3.7,THRILLER,United States,Kelly Reichardt,113,,,,A pair of young environmentalists enlist the help of an ex-military explosives expert to carry out a dangerous act of eco-terrorism.
272,FILM,Chef,Chef,2014,8.7,COMEDIE,United States,Jon Favreau,115,,,,"After igniting a Twitter war with a well-known culinary critic, a Los Angeles chef packs his knives, heads home to Miami and opens a food truck."
273,FILM,Love Per Square Foot,Love Par Square Foot,2018,3.7,ROMANCE,India,Anand Tiwari,133,,,,"Individually, bank employees Sanjay and Karina don't earn enough to be able to buy a home, so they decide to enter into a marriage of convenience."
274,FILM,Watchman,Watchman,2019,9.2,COMEDIE,India,A. L. Vijay,93,,,,"Rushing to pay off a loan shark, a young man breaks into a bungalow to steal the cash, unprepared for the dog standing guard – or the trouble inside."
275,FILM,JJ+E,JJ+E,2021,3.1,ROMANCE,Inconnu,Alexis Almström,91,,,,"Elisabeth and John-John live in the same city, but they inhabit different worlds. Can a passionate first love break through class and cultural barriers?"
276,FILM,"El Pepe, a Supreme Life","El Pepe, a Supreme Life",2018,4.0,DOCUMENTAIRE,Argentina,Emir Kusturica,73,,,,"In this intimate documentary, former Uruguayan President José ""Pepe"" Mujica talks about lessons he learned while in prison, his ideals and the future."
277,FILM,Time Out,Time Out,2015,8.9,DRAME,India,Rikhil Bahadur,98,,,,"Raised in the privileged bubble of Delhi's elite, a teen is compelled to question his outlook on life and love when his older brother comes out as gay."
278,SERIE,Tijuana,Tijuana,2019,9.6,DRAME,Mexico,Non specifie,,1,8,TERMINEE,"When a prominent politician is murdered, the intrepid journalists of Frente Tijuana risk their lives to uncover the truth."
279,SERIE,Sleepless Society: Two Pillows & A Lost Soul,Sleepless Society: Two Pillows & A Lost Soul,2020,8.3,DRAME,Thailand,Sivaroj Kongsakul,,1,14,TERMINEE,A motivational speaker about to divorce her abusive husband wakes up from a wild party one morning to find a dead body.
280,FILM,My Octopus Teacher,My Octopus Teacher,2020,7.2,DOCUMENTAIRE,South Africa,Pippa Ehrlich,86,,,,"A filmmaker forges an unusual friendship with an octopus living in a South African kelp forest, learning as the animal shares the mysteries of her world."
281,SERIE,The Pharmacist,The Pharmacist,2020,5.7,DRAME,United States,Julia Willoughby Nason,,1,8,TERMINEE,"After his son's tragic death, a Louisiana pharmacist goes to extremes to expose the rampant corruption behind the opioid addiction crisis."
282,SERIE,Secrets of Great British Castles,Secrets of Great British Castles,2016,8.8,DRAME,United Kingdom,Non specifie,,2,46,TERMINEE,Join historian Dan Jones on a journey back in time to the zenith of Britain's most iconic structures and their infamous inhabitants.
283,SERIE,12 Years Promise,12 Yeals Plomise,2014,9.5,ROMANCE,South Korea,Non specifie,,1,21,ANNULEE,"A pregnant teen is forced by her family to leave her boyfriend and assume a new identity in America, but 12 years later, the couple reunites in Korea."
284,FILM,Sayed the Servant,Sayed the Servant,1985,3.2,COMEDIE,Inconnu,Hussein Kamal,173,,,,"While running from the law, Sayed begins to work as a house servant to a wealthy family, whose divorced daughter enlists his help in a marriage scheme."
285,SERIE,Glimpses of a Future,Glimpses of a Future,2020,3.5,DRAME,Inconnu,Non specifie,,1,15,EN_COURS,"This docuseries celebrates the virtual collaborations between a group of artists, dancers and writers from around the world during the pandemic."
286,FILM,Creating The Queen's Gambit,Creating The Queen's Gambit,2021,8.1,DOCUMENTAIRE,United States,Non specifie,14,,,,"A fascinating character. Exquisite sets. A wig for every era. The stars, creators and crew reveal how the hit series about a chess prodigy came to life."
287,FILM,A truthful Mother,A trudhful Modhar,2020,6.0,DRAME,India,Ravishankar Venkateswaran,85,,,,"Facing a drought, a hungry tiger and a noble cow have an extraordinary encounter in this fable based on a children’s book and a Kannada folk song."
288,SERIE,High Seas,Jigj Seas,2020,3.7,DRAME,Spain,Non specifie,,3,27,TERMINEE,Two sisters discover disturbing family secrets after a string of mysterious deaths occur on a luxury ship traveling from Spain to Brazil in the 1940s.
289,FILM,Ethirmarai,Edhirmarai,2018,4.1,THRILLER,India,Non specifie,91,,,,"While investigating a brutal string of deaths, a detective begins to suspect that mind control may have played a part in the murders."
290,FILM,ChuChuTV Bedtime Stories & Moral Stories for Kids (Hindi),ChuChuTV Bedtime Stories & Moral Stories for Kids (Hindi),2019,5.0,DRAME,Inconnu,Non specifie,56,,,,"In this collection of stories, ChuChu and her pals meet a man in need, Chiku must change a bad habit and ChaCha gets a lesson in management."
291,FILM,Manhunt,Manhunt,2017,3.2,ACTION,China,John Woo,109,,,,A Chinese pharmaceutical lawyer framed for a vile crime teams up with a sharp-witted Japanese detective to stop a dangerous corporate plot.
292,FILM,Ip Man,Ip Man,2008,5.2,ACTION,Hong Kong,Wilson Yip,107,,,,"An occupying Japanese general challenges Chinese men to duels to prove the superiority of the Japanese, but Ip Man refuses to fight – at first."
293,FILM,Naam Shabana,Naam Shabana,2017,3.4,ACTION,India,Shivam Nair,141,,,,"A fiery young woman accepts help from a spy agency to avenge her lover's murder. In return, she must prove herself as one of their top recruits."
294,SERIE,Alice in Borderland,Arice in Borderrand,2020,5.4,ACTION,Japan,Non specifie,,1,19,EN_COURS,"An aimless gamer and his two friends find themselves in a parallel Tokyo, where they're forced to compete in a series of sadistic games to survive."
295,SERIE,Bureau of Magical Things,Bureau of Magical Things,2020,4.7,ANIMATION,Australia,Non specifie,,1,19,ANNULEE,"When a teen accidentally discovers an enchanted realm, she becomes the only one able to unite the human and magical worlds – and save both from evil."
296,SERIE,Cooking on High,Cooking on High,2018,7.6,DRAME,United States,Non specifie,,1,11,EN_COURS,"In the first-ever competitive cannabis cooking show, two chefs prepare mouthwatering marijuana-infused dishes for a panel of very chill celeb judges."
297,FILM,Super Nani,Supar Nani,2014,4.2,COMEDIE,India,Indra Kumar,127,,,,"A loving, concerned American grandson travels to Mumbai to rescue his unappreciated grandmother from her drudgery and fulfill her true potential."
298,SERIE,Gabru: Hip Hop Revolution,Gabru: Hip Hop Revolushan,2018,7.1,DRAME,India,Non specifie,,1,18,ANNULEE,"Three young, aspiring Indian rappers make their way in a cutthroat music industry, dreaming of fame, stardom and ultimate hip-hop domination ."
299,FILM,The 3rd Eye,Te 3rd Eye,2018,7.6,HORREUR,Indonesia,Rocky Soraya,108,,,,"When her little sister claims she sees the dead, Alia consults a psychic, who opens her own eyes to the vengeful ghosts haunting their childhood home."
300,FILM,Head Count,Head Count,2018,6.4,HORREUR,United States,Elle Callahan,90,,,,A group of college students on a weekend getaway accidentally summon a supernatural entity intent on using them for its deadly ritual.
